indexNoteChord,ChordNotes
"('A', 'Major')","A,C#,E"
"('A', 'Minor')","A,C,E"
"('A', 'Aug')","A,C#,F"
"('A', 'Dim')","A,C,D#"
"('A', 'Fifth')","A,E"
"('A', 'Fifth_9th')","A,E,B"
"('A', 'Fifth_Octave')","A,E,A"
"('A', 'Octave')","A,A"
"('A', 'Sus2')","A,B,E"
"('A', 'Sus4')","A,D,E"
"('A', '11')","A,C#,E,G,B,D"
"('A', '11b9')","A,C#,E,G,A#,D"
"('A', '13')","A,C#,E,G,B,F#"
"('A', '13#9')","A,C#,E,G,C,F#"
"('A', '13b5b9')","A,C#,D#,G,A#,F#"
"('A', '13b9')","A,C#,E,G,A#"
"('A', '6')","A,C#,E,F#"
"('A', '6add9')","A,C#,E,F#,B"
"('A', '6sus4')","A,D,E,F#"
"('A', '7')","A,C#,E,G"
"('A', '7#11')","A,C#,E,G,D#"
"('A', '7#5')","A,C#,F,G"
"('A', '7#5#9')","A,C#,E,G,C"
"('A', '7#5b9')","A,C#,E,G,A#"
"('A', '7#9')","A,C#,E,G,C"
"('A', '7add11')","A,C#,E,G,D"
"('A', '7add13')","A,C#,E,G,F#"
"('A', '7b5')","A,C#,D#,G"
"('A', '7b5b9')","A,C#,D#,G,A#"
"('A', '7b9')","A,C#,E,G,A#"
"('A', '7sus4')","A,D,E,G"
"('A', '9')","A,C#,E,G,B"
"('A', '9#11')","A,C#,E,G,B,D#"
"('A', '9#5')","A,C#,F,G,B"
"('A', '9b13')","A,C#,E,G,B,F#"
"('A', '9b5')","A,C#,D#,G,B"
"('A', '9sus4')","A,D,E,G,B"
"('A', 'add9')","A,C#,E,B"
"('A', 'augsus4')","A,D,F"
"('A', 'm11')","A,C,E,G,B,D"
"('A', 'm13')","A,C,E,G,B,F#"
"('A', 'm6')","A,C,E,F#"
"('A', 'm6add9')","A,C,E,F#,B"
"('A', 'm7')","A,C,E,G"
"('A', 'm7add11')","A,C,E,G,D"
"('A', 'm7add13')","A,C,E,G,F#"
"('A', 'm7b5')","A,C,D#,G"
"('A', 'm7b9')","A,C,E,G,A#"
"('A', 'm9')","A,C,E,G,B"
"('A', 'm9b5')","A,C,D#,G,B"
"('A', 'm9-Maj7')","A,C,E,G#,B"
"('A', 'madd9')","A,C,E,B"
"('A', 'Maj11')","A,C#,E,G#,B,D"
"('A', 'Maj13')","A,C#,E,G#,B,F#"
"('A', 'Maj7')","A,C#,E,G#"
"('A', 'Maj7#11')","A,C#,E,G#,D#"
"('A', 'Maj7#5')","A,C#,F,G#"
"('A', 'Maj7add13')","A,C#,E,G#,F#"
"('A', 'Maj7b5')","A,C#,D#,G"
"('A', 'Maj9')","A,C#,E,G#,B"
"('A', 'Maj9#11')","A,C#,E,G#,B,D#"
"('A', 'Maj9#5')","A,C#,F,G#,B"
"('A', 'Maj9sus4')","A,D,E,G#,B"
"('A', 'Majb5')","A,C#,D#"
"('A', 'mb5')","A,C,D#"
"('A', 'm-Maj11')","A,C,E,G#,B,D"
"('A', 'm-Maj13')","A,C,E,G#,B,F#"
"('A', 'm-Maj7')","A,C,E,G#"
"('A', 'm-Maj7add11')","A,C,E,G#,D"
"('A', 'm-Maj7add13')","A,C,E,G#,F#"
"('A', 'tri')","A,C,D#,F#"
"('A', 'Majb7')","A,C#,E,F#"
"('A', 'Min#5')","A,C,F"
"('A', 'Dom7')","A,C#,E,G"
"('A', 'Dom7b5')","A,C#,D#,G"
"('A', 'Dom7#5')","A,C#,F,G"
"('A', 'Dim7')","A,C,D#,F#"
"('A', 'm#5')","A,C,F"
"('A', 'm#7#5')","A,C,F,G#"
"('A', 'm7#5')","A,C,F,G#"
"('A', 'Aug-06')","A,C#,F,F#"
"('A#', 'Major')","A#,D,F"
"('A#', 'Minor')","A#,C#,F"
"('A#', 'Aug')","A#,D,F#"
"('A#', 'Dim')","A#,C#,E"
"('A#', 'Fifth')","A#,F"
"('A#', 'Fifth_9th')","A#,F,C"
"('A#', 'Fifth_Octave')","A#,F,A#"
"('A#', 'Octave')","A#,A#"
"('A#', 'Sus2')","A#,C,F"
"('A#', 'Sus4')","A#,D#,F"
"('A#', '11')","A#,D,F,G#,C,D#"
"('A#', '11b9')","A#,D,F,G#,B,D#"
"('A#', '13')","A#,D,F,G#,C,G"
"('A#', '13#9')","A#,D,F,G#,C#,G"
"('A#', '13b5b9')","A#,D,E,G#,B,G"
"('A#', '13b9')","A#,D,F,G#,B"
"('A#', '6')","A#,D,F,G"
"('A#', '6add9')","A#,D,F,G,C"
"('A#', '6sus4')","A#,D#,F,G"
"('A#', '7')","A#,D,F,G#"
"('A#', '7#11')","A#,D,F,G#,E"
"('A#', '7#5')","A#,D,F#,G#"
"('A#', '7#5#9')","A#,D,F,G#,C#"
"('A#', '7#5b9')","A#,D,F,G#,B"
"('A#', '7#9')","A#,D,F,G#,C#"
"('A#', '7add11')","A#,D,F,G#,D#"
"('A#', '7add13')","A#,D,F,G#,G"
"('A#', '7b5')","A#,D,E,G#"
"('A#', '7b5b9')","A#,D,E,G#,B"
"('A#', '7b9')","A#,D,F,G#,B"
"('A#', '7sus4')","A#,D#,F,G#"
"('A#', '9')","A#,D,F,G#,C"
"('A#', '9#11')","A#,D,F,G#,C,E"
"('A#', '9#5')","A#,D,F#,G#,C"
"('A#', '9b13')","A#,D,F,G#,C,G"
"('A#', '9b5')","A#,D,E,G#,C"
"('A#', '9sus4')","A#,D#,F,G#,C"
"('A#', 'add9')","A#,D,F,C"
"('A#', 'augsus4')","A#,D#,F#"
"('A#', 'm11')","A#,C#,F,G#,C,D#"
"('A#', 'm13')","A#,C#,F,G#,C,G"
"('A#', 'm6')","A#,C#,F,G"
"('A#', 'm6add9')","A#,C#,F,G,C"
"('A#', 'm7')","A#,C#,F,G#"
"('A#', 'm7add11')","A#,C#,F,G#,D#"
"('A#', 'm7add13')","A#,C#,F,G#,G"
"('A#', 'm7b5')","A#,C#,E,G#"
"('A#', 'm7b9')","A#,C#,F,G#,B"
"('A#', 'm9')","A#,C#,F,G#,C"
"('A#', 'm9b5')","A#,C#,E,G#,C"
"('A#', 'm9-Maj7')","A#,C#,F,A,C"
"('A#', 'madd9')","A#,C#,F,C"
"('A#', 'Maj11')","A#,D,F,A,C,D#"
"('A#', 'Maj13')","A#,D,F,A,C,G"
"('A#', 'Maj7')","A#,D,F,A"
"('A#', 'Maj7#11')","A#,D,F,A,E"
"('A#', 'Maj7#5')","A#,D,F#,A"
"('A#', 'Maj7add13')","A#,D,F,A,G"
"('A#', 'Maj7b5')","A#,D,E,G#"
"('A#', 'Maj9')","A#,D,F,A,C"
"('A#', 'Maj9#11')","A#,D,F,A,C,E"
"('A#', 'Maj9#5')","A#,D,F#,A,C"
"('A#', 'Maj9sus4')","A#,D#,F,A,C"
"('A#', 'Majb5')","A#,D,E"
"('A#', 'mb5')","A#,C#,E"
"('A#', 'm-Maj11')","A#,C#,F,A,C,D#"
"('A#', 'm-Maj13')","A#,C#,F,A,C,G"
"('A#', 'm-Maj7')","A#,C#,F,A"
"('A#', 'm-Maj7add11')","A#,C#,F,A,D#"
"('A#', 'm-Maj7add13')","A#,C#,F,A,G"
"('A#', 'tri')","A#,C#,E,G"
"('A#', 'Majb7')","A#,D,F,G"
"('A#', 'Min#5')","A#,C#,F#"
"('A#', 'Dom7')","A#,D,F,G#"
"('A#', 'Dom7b5')","A#,D,E,G#"
"('A#', 'Dom7#5')","A#,D,F#,G#"
"('A#', 'Dim7')","A#,C#,E,G"
"('A#', 'm#5')","A#,C#,F#"
"('A#', 'm#7#5')","A#,C#,F#,A"
"('A#', 'm7#5')","A#,C#,F#,A"
"('A#', 'Aug-06')","A#,D,F#,G"
"('B', 'Major')","B,D#,F#"
"('B', 'Minor')","B,D,F#"
"('B', 'Aug')","B,D#,G"
"('B', 'Dim')","B,D,F"
"('B', 'Fifth')","B,F#"
"('B', 'Fifth_9th')","B,F#,C#"
"('B', 'Fifth_Octave')","B,F#,B"
"('B', 'Octave')","B,B"
"('B', 'Sus2')","B,C#,F#"
"('B', 'Sus4')","B,E,F#"
"('B', '11')","B,D#,F#,A,C#,E"
"('B', '11b9')","B,D#,F#,A,C,E"
"('B', '13')","B,D#,F#,A,C#,G#"
"('B', '13#9')","B,D#,F#,A,D,G#"
"('B', '13b5b9')","B,D#,F,A,C,G#"
"('B', '13b9')","B,D#,F#,A,C"
"('B', '6')","B,D#,F#,G#"
"('B', '6add9')","B,D#,F#,G#,C#"
"('B', '6sus4')","B,E,F#,G#"
"('B', '7')","B,D#,F#,A"
"('B', '7#11')","B,D#,F#,A,F"
"('B', '7#5')","B,D#,G,A"
"('B', '7#5#9')","B,D#,F#,A,D"
"('B', '7#5b9')","B,D#,F#,A,C"
"('B', '7#9')","B,D#,F#,A,D"
"('B', '7add11')","B,D#,F#,A,E"
"('B', '7add13')","B,D#,F#,A,G#"
"('B', '7b5')","B,D#,F,A"
"('B', '7b5b9')","B,D#,F,A,C"
"('B', '7b9')","B,D#,F#,A,C"
"('B', '7sus4')","B,E,F#,A"
"('B', '9')","B,D#,F#,A,C#"
"('B', '9#11')","B,D#,F#,A,C#,F"
"('B', '9#5')","B,D#,G,A,C#"
"('B', '9b13')","B,D#,F#,A,C#,G#"
"('B', '9b5')","B,D#,F,A,C#"
"('B', '9sus4')","B,E,F#,A,C#"
"('B', 'add9')","B,D#,F#,C#"
"('B', 'augsus4')","B,E,G"
"('B', 'm11')","B,D,F#,A,C#,E"
"('B', 'm13')","B,D,F#,A,C#,G#"
"('B', 'm6')","B,D,F#,G#"
"('B', 'm6add9')","B,D,F#,G#,C#"
"('B', 'm7')","B,D,F#,A"
"('B', 'm7add11')","B,D,F#,A,E"
"('B', 'm7add13')","B,D,F#,A,G#"
"('B', 'm7b5')","B,D,F,A"
"('B', 'm7b9')","B,D,F#,A,C"
"('B', 'm9')","B,D,F#,A,C#"
"('B', 'm9b5')","B,D,F,A,C#"
"('B', 'm9-Maj7')","B,D,F#,A#,C#"
"('B', 'madd9')","B,D,F#,C#"
"('B', 'Maj11')","B,D#,F#,A#,C#,E"
"('B', 'Maj13')","B,D#,F#,A#,C#,G#"
"('B', 'Maj7')","B,D#,F#,A#"
"('B', 'Maj7#11')","B,D#,F#,A#,F"
"('B', 'Maj7#5')","B,D#,G,A#"
"('B', 'Maj7add13')","B,D#,F#,A#,G#"
"('B', 'Maj7b5')","B,D#,F,A"
"('B', 'Maj9')","B,D#,F#,A#,C#"
"('B', 'Maj9#11')","B,D#,F#,A#,C#,F"
"('B', 'Maj9#5')","B,D#,G,A#,C#"
"('B', 'Maj9sus4')","B,E,F#,A#,C#"
"('B', 'Majb5')","B,D#,F"
"('B', 'mb5')","B,D,F"
"('B', 'm-Maj11')","B,D,F#,A#,C#,E"
"('B', 'm-Maj13')","B,D,F#,A#,C#,G#"
"('B', 'm-Maj7')","B,D,F#,A#"
"('B', 'm-Maj7add11')","B,D,F#,A#,E"
"('B', 'm-Maj7add13')","B,D,F#,A#,G#"
"('B', 'tri')","B,D,F,G#"
"('B', 'Majb7')","B,D#,F#,G#"
"('B', 'Min#5')","B,D,G"
"('B', 'Dom7')","B,D#,F#,A"
"('B', 'Dom7b5')","B,D#,F,A"
"('B', 'Dom7#5')","B,D#,G,A"
"('B', 'Dim7')","B,D,F,G#"
"('B', 'm#5')","B,D,G"
"('B', 'm#7#5')","B,D,G,A#"
"('B', 'm7#5')","B,D,G,A#"
"('B', 'Aug-06')","B,D#,G,G#"
"('C', 'Major')","C,E,G"
"('C', 'Minor')","C,D#,G"
"('C', 'Aug')","C,E,G#"
"('C', 'Dim')","C,D#,F#"
"('C', 'Fifth')","C,G"
"('C', 'Fifth_9th')","C,G,D"
"('C', 'Fifth_Octave')","C,G,C"
"('C', 'Octave')","C,C"
"('C', 'Sus2')","C,D,G"
"('C', 'Sus4')","C,F,G"
"('C', '11')","C,E,G,A#,D,F"
"('C', '11b9')","C,E,G,A#,C#,F"
"('C', '13')","C,E,G,A#,D,A"
"('C', '13#9')","C,E,G,A#,D#,A"
"('C', '13b5b9')","C,E,F#,A#,C#,A"
"('C', '13b9')","C,E,G,A#,C#"
"('C', '6')","C,E,G,A"
"('C', '6add9')","C,E,G,A,D"
"('C', '6sus4')","C,F,G,A"
"('C', '7')","C,E,G,A#"
"('C', '7#11')","C,E,G,A#,F#"
"('C', '7#5')","C,E,G#,A#"
"('C', '7#5#9')","C,E,G,A#,D#"
"('C', '7#5b9')","C,E,G,A#,C#"
"('C', '7#9')","C,E,G,A#,D#"
"('C', '7add11')","C,E,G,A#,F"
"('C', '7add13')","C,E,G,A#,A"
"('C', '7b5')","C,E,F#,A#"
"('C', '7b5b9')","C,E,F#,A#,C#"
"('C', '7b9')","C,E,G,A#,C#"
"('C', '7sus4')","C,F,G,A#"
"('C', '9')","C,E,G,A#,D"
"('C', '9#11')","C,E,G,A#,D,F#"
"('C', '9#5')","C,E,G#,A#,D"
"('C', '9b13')","C,E,G,A#,D,A"
"('C', '9b5')","C,E,F#,A#,D"
"('C', '9sus4')","C,F,G,A#,D"
"('C', 'add9')","C,E,G,D"
"('C', 'augsus4')","C,F,G#"
"('C', 'm11')","C,D#,G,A#,D,F"
"('C', 'm13')","C,D#,G,A#,D,A"
"('C', 'm6')","C,D#,G,A"
"('C', 'm6add9')","C,D#,G,A,D"
"('C', 'm7')","C,D#,G,A#"
"('C', 'm7add11')","C,D#,G,A#,F"
"('C', 'm7add13')","C,D#,G,A#,A"
"('C', 'm7b5')","C,D#,F#,A#"
"('C', 'm7b9')","C,D#,G,A#,C#"
"('C', 'm9')","C,D#,G,A#,D"
"('C', 'm9b5')","C,D#,F#,A#,D"
"('C', 'm9-Maj7')","C,D#,G,B,D"
"('C', 'madd9')","C,D#,G,D"
"('C', 'Maj11')","C,E,G,B,D,F"
"('C', 'Maj13')","C,E,G,B,D,A"
"('C', 'Maj7')","C,E,G,B"
"('C', 'Maj7#11')","C,E,G,B,F#"
"('C', 'Maj7#5')","C,E,G#,B"
"('C', 'Maj7add13')","C,E,G,B,A"
"('C', 'Maj7b5')","C,E,F#,A#"
"('C', 'Maj9')","C,E,G,B,D"
"('C', 'Maj9#11')","C,E,G,B,D,F#"
"('C', 'Maj9#5')","C,E,G#,B,D"
"('C', 'Maj9sus4')","C,F,G,B,D"
"('C', 'Majb5')","C,E,F#"
"('C', 'mb5')","C,D#,F#"
"('C', 'm-Maj11')","C,D#,G,B,D,F"
"('C', 'm-Maj13')","C,D#,G,B,D,A"
"('C', 'm-Maj7')","C,D#,G,B"
"('C', 'm-Maj7add11')","C,D#,G,B,F"
"('C', 'm-Maj7add13')","C,D#,G,B,A"
"('C', 'tri')","C,D#,F#,A"
"('C', 'Majb7')","C,E,G,A"
"('C', 'Min#5')","C,D#,G#"
"('C', 'Dom7')","C,E,G,A#"
"('C', 'Dom7b5')","C,E,F#,A#"
"('C', 'Dom7#5')","C,E,G#,A#"
"('C', 'Dim7')","C,D#,F#,A"
"('C', 'm#5')","C,D#,G#"
"('C', 'm#7#5')","C,D#,G#,B"
"('C', 'm7#5')","C,D#,G#,B"
"('C', 'Aug-06')","C,E,G#,A"
"('C#', 'Major')","C#,F,G#"
"('C#', 'Minor')","C#,E,G#"
"('C#', 'Aug')","C#,F,A"
"('C#', 'Dim')","C#,E,G"
"('C#', 'Fifth')","C#,G#"
"('C#', 'Fifth_9th')","C#,G#,D#"
"('C#', 'Fifth_Octave')","C#,G#,C#"
"('C#', 'Octave')","C#,C#"
"('C#', 'Sus2')","C#,D#,G#"
"('C#', 'Sus4')","C#,F#,G#"
"('C#', '11')","C#,F,G#,B,D#,F#"
"('C#', '11b9')","C#,F,G#,B,D,F#"
"('C#', '13')","C#,F,G#,B,D#,A#"
"('C#', '13#9')","C#,F,G#,B,E,A#"
"('C#', '13b5b9')","C#,F,G,B,D,A#"
"('C#', '13b9')","C#,F,G#,B,D"
"('C#', '6')","C#,F,G#,A#"
"('C#', '6add9')","C#,F,G#,A#,D#"
"('C#', '6sus4')","C#,F#,G#,A#"
"('C#', '7')","C#,F,G#,B"
"('C#', '7#11')","C#,F,G#,B,G"
"('C#', '7#5')","C#,F,A,B"
"('C#', '7#5#9')","C#,F,G#,B,E"
"('C#', '7#5b9')","C#,F,G#,B,D"
"('C#', '7#9')","C#,F,G#,B,E"
"('C#', '7add11')","C#,F,G#,B,F#"
"('C#', '7add13')","C#,F,G#,B,A#"
"('C#', '7b5')","C#,F,G,B"
"('C#', '7b5b9')","C#,F,G,B,D"
"('C#', '7b9')","C#,F,G#,B,D"
"('C#', '7sus4')","C#,F#,G#,B"
"('C#', '9')","C#,F,G#,B,D#"
"('C#', '9#11')","C#,F,G#,B,D#,G"
"('C#', '9#5')","C#,F,A,B,D#"
"('C#', '9b13')","C#,F,G#,B,D#,A#"
"('C#', '9b5')","C#,F,G,B,D#"
"('C#', '9sus4')","C#,F#,G#,B,D#"
"('C#', 'add9')","C#,F,G#,D#"
"('C#', 'augsus4')","C#,F#,A"
"('C#', 'm11')","C#,E,G#,B,D#,F#"
"('C#', 'm13')","C#,E,G#,B,D#,A#"
"('C#', 'm6')","C#,E,G#,A#"
"('C#', 'm6add9')","C#,E,G#,A#,D#"
"('C#', 'm7')","C#,E,G#,B"
"('C#', 'm7add11')","C#,E,G#,B,F#"
"('C#', 'm7add13')","C#,E,G#,B,A#"
"('C#', 'm7b5')","C#,E,G,B"
"('C#', 'm7b9')","C#,E,G#,B,D"
"('C#', 'm9')","C#,E,G#,B,D#"
"('C#', 'm9b5')","C#,E,G,B,D#"
"('C#', 'm9-Maj7')","C#,E,G#,C,D#"
"('C#', 'madd9')","C#,E,G#,D#"
"('C#', 'Maj11')","C#,F,G#,C,D#,F#"
"('C#', 'Maj13')","C#,F,G#,C,D#,A#"
"('C#', 'Maj7')","C#,F,G#,C"
"('C#', 'Maj7#11')","C#,F,G#,C,G"
"('C#', 'Maj7#5')","C#,F,A,C"
"('C#', 'Maj7add13')","C#,F,G#,C,A#"
"('C#', 'Maj7b5')","C#,F,G,B"
"('C#', 'Maj9')","C#,F,G#,C,D#"
"('C#', 'Maj9#11')","C#,F,G#,C,D#,G"
"('C#', 'Maj9#5')","C#,F,A,C,D#"
"('C#', 'Maj9sus4')","C#,F#,G#,C,D#"
"('C#', 'Majb5')","C#,F,G"
"('C#', 'mb5')","C#,E,G"
"('C#', 'm-Maj11')","C#,E,G#,C,D#,F#"
"('C#', 'm-Maj13')","C#,E,G#,C,D#,A#"
"('C#', 'm-Maj7')","C#,E,G#,C"
"('C#', 'm-Maj7add11')","C#,E,G#,C,F#"
"('C#', 'm-Maj7add13')","C#,E,G#,C,A#"
"('C#', 'tri')","C#,E,G,A#"
"('C#', 'Majb7')","C#,F,G#,A#"
"('C#', 'Min#5')","C#,E,A"
"('C#', 'Dom7')","C#,F,G#,B"
"('C#', 'Dom7b5')","C#,F,G,B"
"('C#', 'Dom7#5')","C#,F,A,B"
"('C#', 'Dim7')","C#,E,G,A#"
"('C#', 'm#5')","C#,E,A"
"('C#', 'm#7#5')","C#,E,A,C"
"('C#', 'm7#5')","C#,E,A,C"
"('C#', 'Aug-06')","C#,F,A,A#"
"('D', 'Major')","D,F#,A"
"('D', 'Minor')","D,F,A"
"('D', 'Aug')","D,F#,A#"
"('D', 'Dim')","D,F,G#"
"('D', 'Fifth')","D,A"
"('D', 'Fifth_9th')","D,A,E"
"('D', 'Fifth_Octave')","D,A,D"
"('D', 'Octave')","D,D"
"('D', 'Sus2')","D,E,A"
"('D', 'Sus4')","D,G,A"
"('D', '11')","D,F#,A,C,E,G"
"('D', '11b9')","D,F#,A,C,D#,G"
"('D', '13')","D,F#,A,C,E,B"
"('D', '13#9')","D,F#,A,C,F,B"
"('D', '13b5b9')","D,F#,G#,C,D#,B"
"('D', '13b9')","D,F#,A,C,D#"
"('D', '6')","D,F#,A,B"
"('D', '6add9')","D,F#,A,B,E"
"('D', '6sus4')","D,G,A,B"
"('D', '7')","D,F#,A,C"
"('D', '7#11')","D,F#,A,C,G#"
"('D', '7#5')","D,F#,A#,C"
"('D', '7#5#9')","D,F#,A,C,F"
"('D', '7#5b9')","D,F#,A,C,D#"
"('D', '7#9')","D,F#,A,C,F"
"('D', '7add11')","D,F#,A,C,G"
"('D', '7add13')","D,F#,A,C,B"
"('D', '7b5')","D,F#,G#,C"
"('D', '7b5b9')","D,F#,G#,C,D#"
"('D', '7b9')","D,F#,A,C,D#"
"('D', '7sus4')","D,G,A,C"
"('D', '9')","D,F#,A,C,E"
"('D', '9#11')","D,F#,A,C,E,G#"
"('D', '9#5')","D,F#,A#,C,E"
"('D', '9b13')","D,F#,A,C,E,B"
"('D', '9b5')","D,F#,G#,C,E"
"('D', '9sus4')","D,G,A,C,E"
"('D', 'add9')","D,F#,A,E"
"('D', 'augsus4')","D,G,A#"
"('D', 'm11')","D,F,A,C,E,G"
"('D', 'm13')","D,F,A,C,E,B"
"('D', 'm6')","D,F,A,B"
"('D', 'm6add9')","D,F,A,B,E"
"('D', 'm7')","D,F,A,C"
"('D', 'm7add11')","D,F,A,C,G"
"('D', 'm7add13')","D,F,A,C,B"
"('D', 'm7b5')","D,F,G#,C"
"('D', 'm7b9')","D,F,A,C,D#"
"('D', 'm9')","D,F,A,C,E"
"('D', 'm9b5')","D,F,G#,C,E"
"('D', 'm9-Maj7')","D,F,A,C#,E"
"('D', 'madd9')","D,F,A,E"
"('D', 'Maj11')","D,F#,A,C#,E,G"
"('D', 'Maj13')","D,F#,A,C#,E,B"
"('D', 'Maj7')","D,F#,A,C#"
"('D', 'Maj7#11')","D,F#,A,C#,G#"
"('D', 'Maj7#5')","D,F#,A#,C#"
"('D', 'Maj7add13')","D,F#,A,C#,B"
"('D', 'Maj7b5')","D,F#,G#,C"
"('D', 'Maj9')","D,F#,A,C#,E"
"('D', 'Maj9#11')","D,F#,A,C#,E,G#"
"('D', 'Maj9#5')","D,F#,A#,C#,E"
"('D', 'Maj9sus4')","D,G,A,C#,E"
"('D', 'Majb5')","D,F#,G#"
"('D', 'mb5')","D,F,G#"
"('D', 'm-Maj11')","D,F,A,C#,E,G"
"('D', 'm-Maj13')","D,F,A,C#,E,B"
"('D', 'm-Maj7')","D,F,A,C#"
"('D', 'm-Maj7add11')","D,F,A,C#,G"
"('D', 'm-Maj7add13')","D,F,A,C#,B"
"('D', 'tri')","D,F,G#,B"
"('D', 'Majb7')","D,F#,A,B"
"('D', 'Min#5')","D,F,A#"
"('D', 'Dom7')","D,F#,A,C"
"('D', 'Dom7b5')","D,F#,G#,C"
"('D', 'Dom7#5')","D,F#,A#,C"
"('D', 'Dim7')","D,F,G#,B"
"('D', 'm#5')","D,F,A#"
"('D', 'm#7#5')","D,F,A#,C#"
"('D', 'm7#5')","D,F,A#,C#"
"('D', 'Aug-06')","D,F#,A#,B"
"('D#', 'Major')","D#,G,A#"
"('D#', 'Minor')","D#,F#,A#"
"('D#', 'Aug')","D#,G,B"
"('D#', 'Dim')","D#,F#,A"
"('D#', 'Fifth')","D#,A#"
"('D#', 'Fifth_9th')","D#,A#,F"
"('D#', 'Fifth_Octave')","D#,A#,D#"
"('D#', 'Octave')","D#,D#"
"('D#', 'Sus2')","D#,F,A#"
"('D#', 'Sus4')","D#,G#,A#"
"('D#', '11')","D#,G,A#,C#,F,G#"
"('D#', '11b9')","D#,G,A#,C#,E,G#"
"('D#', '13')","D#,G,A#,C#,F,C"
"('D#', '13#9')","D#,G,A#,C#,F#,C"
"('D#', '13b5b9')","D#,G,A,C#,E,C"
"('D#', '13b9')","D#,G,A#,C#,E"
"('D#', '6')","D#,G,A#,C"
"('D#', '6add9')","D#,G,A#,C,F"
"('D#', '6sus4')","D#,G#,A#,C"
"('D#', '7')","D#,G,A#,C#"
"('D#', '7#11')","D#,G,A#,C#,A"
"('D#', '7#5')","D#,G,B,C#"
"('D#', '7#5#9')","D#,G,A#,C#,F#"
"('D#', '7#5b9')","D#,G,A#,C#,E"
"('D#', '7#9')","D#,G,A#,C#,F#"
"('D#', '7add11')","D#,G,A#,C#,G#"
"('D#', '7add13')","D#,G,A#,C#,C"
"('D#', '7b5')","D#,G,A,C#"
"('D#', '7b5b9')","D#,G,A,C#,E"
"('D#', '7b9')","D#,G,A#,C#,E"
"('D#', '7sus4')","D#,G#,A#,C#"
"('D#', '9')","D#,G,A#,C#,F"
"('D#', '9#11')","D#,G,A#,C#,F,A"
"('D#', '9#5')","D#,G,B,C#,F"
"('D#', '9b13')","D#,G,A#,C#,F,C"
"('D#', '9b5')","D#,G,A,C#,F"
"('D#', '9sus4')","D#,G#,A#,C#,F"
"('D#', 'add9')","D#,G,A#,F"
"('D#', 'augsus4')","D#,G#,B"
"('D#', 'm11')","D#,F#,A#,C#,F,G#"
"('D#', 'm13')","D#,F#,A#,C#,F,C"
"('D#', 'm6')","D#,F#,A#,C"
"('D#', 'm6add9')","D#,F#,A#,C,F"
"('D#', 'm7')","D#,F#,A#,C#"
"('D#', 'm7add11')","D#,F#,A#,C#,G#"
"('D#', 'm7add13')","D#,F#,A#,C#,C"
"('D#', 'm7b5')","D#,F#,A,C#"
"('D#', 'm7b9')","D#,F#,A#,C#,E"
"('D#', 'm9')","D#,F#,A#,C#,F"
"('D#', 'm9b5')","D#,F#,A,C#,F"
"('D#', 'm9-Maj7')","D#,F#,A#,D,F"
"('D#', 'madd9')","D#,F#,A#,F"
"('D#', 'Maj11')","D#,G,A#,D,F,G#"
"('D#', 'Maj13')","D#,G,A#,D,F,C"
"('D#', 'Maj7')","D#,G,A#,D"
"('D#', 'Maj7#11')","D#,G,A#,D,A"
"('D#', 'Maj7#5')","D#,G,B,D"
"('D#', 'Maj7add13')","D#,G,A#,D,C"
"('D#', 'Maj7b5')","D#,G,A,C#"
"('D#', 'Maj9')","D#,G,A#,D,F"
"('D#', 'Maj9#11')","D#,G,A#,D,F,A"
"('D#', 'Maj9#5')","D#,G,B,D,F"
"('D#', 'Maj9sus4')","D#,G#,A#,D,F"
"('D#', 'Majb5')","D#,G,A"
"('D#', 'mb5')","D#,F#,A"
"('D#', 'm-Maj11')","D#,F#,A#,D,F,G#"
"('D#', 'm-Maj13')","D#,F#,A#,D,F,C"
"('D#', 'm-Maj7')","D#,F#,A#,D"
"('D#', 'm-Maj7add11')","D#,F#,A#,D,G#"
"('D#', 'm-Maj7add13')","D#,F#,A#,D,C"
"('D#', 'tri')","D#,F#,A,C"
"('D#', 'Majb7')","D#,G,A#,C"
"('D#', 'Min#5')","D#,F#,B"
"('D#', 'Dom7')","D#,G,A#,C#"
"('D#', 'Dom7b5')","D#,G,A,C#"
"('D#', 'Dom7#5')","D#,G,B,C#"
"('D#', 'Dim7')","D#,F#,A,C"
"('D#', 'm#5')","D#,F#,B"
"('D#', 'm#7#5')","D#,F#,B,D"
"('D#', 'm7#5')","D#,F#,B,D"
"('D#', 'Aug-06')","D#,G,B,C"
"('E', 'Major')","E,G#,B"
"('E', 'Minor')","E,G,B"
"('E', 'Aug')","E,G#,C"
"('E', 'Dim')","E,G,A#"
"('E', 'Fifth')","E,B"
"('E', 'Fifth_9th')","E,B,F#"
"('E', 'Fifth_Octave')","E,B,E"
"('E', 'Octave')","E,E"
"('E', 'Sus2')","E,F#,B"
"('E', 'Sus4')","E,A,B"
"('E', '11')","E,G#,B,D,F#,A"
"('E', '11b9')","E,G#,B,D,F,A"
"('E', '13')","E,G#,B,D,F#,C#"
"('E', '13#9')","E,G#,B,D,G,C#"
"('E', '13b5b9')","E,G#,A#,D,F,C#"
"('E', '13b9')","E,G#,B,D,F"
"('E', '6')","E,G#,B,C#"
"('E', '6add9')","E,G#,B,C#,F#"
"('E', '6sus4')","E,A,B,C#"
"('E', '7')","E,G#,B,D"
"('E', '7#11')","E,G#,B,D,A#"
"('E', '7#5')","E,G#,C,D"
"('E', '7#5#9')","E,G#,B,D,G"
"('E', '7#5b9')","E,G#,B,D,F"
"('E', '7#9')","E,G#,B,D,G"
"('E', '7add11')","E,G#,B,D,A"
"('E', '7add13')","E,G#,B,D,C#"
"('E', '7b5')","E,G#,A#,D"
"('E', '7b5b9')","E,G#,A#,D,F"
"('E', '7b9')","E,G#,B,D,F"
"('E', '7sus4')","E,A,B,D"
"('E', '9')","E,G#,B,D,F#"
"('E', '9#11')","E,G#,B,D,F#,A#"
"('E', '9#5')","E,G#,C,D,F#"
"('E', '9b13')","E,G#,B,D,F#,C#"
"('E', '9b5')","E,G#,A#,D,F#"
"('E', '9sus4')","E,A,B,D,F#"
"('E', 'add9')","E,G#,B,F#"
"('E', 'augsus4')","E,A,C"
"('E', 'm11')","E,G,B,D,F#,A"
"('E', 'm13')","E,G,B,D,F#,C#"
"('E', 'm6')","E,G,B,C#"
"('E', 'm6add9')","E,G,B,C#,F#"
"('E', 'm7')","E,G,B,D"
"('E', 'm7add11')","E,G,B,D,A"
"('E', 'm7add13')","E,G,B,D,C#"
"('E', 'm7b5')","E,G,A#,D"
"('E', 'm7b9')","E,G,B,D,F"
"('E', 'm9')","E,G,B,D,F#"
"('E', 'm9b5')","E,G,A#,D,F#"
"('E', 'm9-Maj7')","E,G,B,D#,F#"
"('E', 'madd9')","E,G,B,F#"
"('E', 'Maj11')","E,G#,B,D#,F#,A"
"('E', 'Maj13')","E,G#,B,D#,F#,C#"
"('E', 'Maj7')","E,G#,B,D#"
"('E', 'Maj7#11')","E,G#,B,D#,A#"
"('E', 'Maj7#5')","E,G#,C,D#"
"('E', 'Maj7add13')","E,G#,B,D#,C#"
"('E', 'Maj7b5')","E,G#,A#,D"
"('E', 'Maj9')","E,G#,B,D#,F#"
"('E', 'Maj9#11')","E,G#,B,D#,F#,A#"
"('E', 'Maj9#5')","E,G#,C,D#,F#"
"('E', 'Maj9sus4')","E,A,B,D#,F#"
"('E', 'Majb5')","E,G#,A#"
"('E', 'mb5')","E,G,A#"
"('E', 'm-Maj11')","E,G,B,D#,F#,A"
"('E', 'm-Maj13')","E,G,B,D#,F#,C#"
"('E', 'm-Maj7')","E,G,B,D#"
"('E', 'm-Maj7add11')","E,G,B,D#,A"
"('E', 'm-Maj7add13')","E,G,B,D#,C#"
"('E', 'tri')","E,G,A#,C#"
"('E', 'Majb7')","E,G#,B,C#"
"('E', 'Min#5')","E,G,C"
"('E', 'Dom7')","E,G#,B,D"
"('E', 'Dom7b5')","E,G#,A#,D"
"('E', 'Dom7#5')","E,G#,C,D"
"('E', 'Dim7')","E,G,A#,C#"
"('E', 'm#5')","E,G,C"
"('E', 'm#7#5')","E,G,C,D#"
"('E', 'm7#5')","E,G,C,D#"
"('E', 'Aug-06')","E,G#,C,C#"
"('F', 'Major')","F,A,C"
"('F', 'Minor')","F,G#,C"
"('F', 'Aug')","F,A,C#"
"('F', 'Dim')","F,G#,B"
"('F', 'Fifth')","F,C"
"('F', 'Fifth_9th')","F,C,G"
"('F', 'Fifth_Octave')","F,C,F"
"('F', 'Octave')","F,F"
"('F', 'Sus2')","F,G,C"
"('F', 'Sus4')","F,A#,C"
"('F', '11')","F,A,C,D#,G,A#"
"('F', '11b9')","F,A,C,D#,F#,A#"
"('F', '13')","F,A,C,D#,G,D"
"('F', '13#9')","F,A,C,D#,G#,D"
"('F', '13b5b9')","F,A,B,D#,F#,D"
"('F', '13b9')","F,A,C,D#,F#"
"('F', '6')","F,A,C,D"
"('F', '6add9')","F,A,C,D,G"
"('F', '6sus4')","F,A#,C,D"
"('F', '7')","F,A,C,D#"
"('F', '7#11')","F,A,C,D#,B"
"('F', '7#5')","F,A,C#,D#"
"('F', '7#5#9')","F,A,C,D#,G#"
"('F', '7#5b9')","F,A,C,D#,F#"
"('F', '7#9')","F,A,C,D#,G#"
"('F', '7add11')","F,A,C,D#,A#"
"('F', '7add13')","F,A,C,D#,D"
"('F', '7b5')","F,A,B,D#"
"('F', '7b5b9')","F,A,B,D#,F#"
"('F', '7b9')","F,A,C,D#,F#"
"('F', '7sus4')","F,A#,C,D#"
"('F', '9')","F,A,C,D#,G"
"('F', '9#11')","F,A,C,D#,G,B"
"('F', '9#5')","F,A,C#,D#,G"
"('F', '9b13')","F,A,C,D#,G,D"
"('F', '9b5')","F,A,B,D#,G"
"('F', '9sus4')","F,A#,C,D#,G"
"('F', 'add9')","F,A,C,G"
"('F', 'augsus4')","F,A#,C#"
"('F', 'm11')","F,G#,C,D#,G,A#"
"('F', 'm13')","F,G#,C,D#,G,D"
"('F', 'm6')","F,G#,C,D"
"('F', 'm6add9')","F,G#,C,D,G"
"('F', 'm7')","F,G#,C,D#"
"('F', 'm7add11')","F,G#,C,D#,A#"
"('F', 'm7add13')","F,G#,C,D#,D"
"('F', 'm7b5')","F,G#,B,D#"
"('F', 'm7b9')","F,G#,C,D#,F#"
"('F', 'm9')","F,G#,C,D#,G"
"('F', 'm9b5')","F,G#,B,D#,G"
"('F', 'm9-Maj7')","F,G#,C,E,G"
"('F', 'madd9')","F,G#,C,G"
"('F', 'Maj11')","F,A,C,E,G,A#"
"('F', 'Maj13')","F,A,C,E,G,D"
"('F', 'Maj7')","F,A,C,E"
"('F', 'Maj7#11')","F,A,C,E,B"
"('F', 'Maj7#5')","F,A,C#,E"
"('F', 'Maj7add13')","F,A,C,E,D"
"('F', 'Maj7b5')","F,A,B,D#"
"('F', 'Maj9')","F,A,C,E,G"
"('F', 'Maj9#11')","F,A,C,E,G,B"
"('F', 'Maj9#5')","F,A,C#,E,G"
"('F', 'Maj9sus4')","F,A#,C,E,G"
"('F', 'Majb5')","F,A,B"
"('F', 'mb5')","F,G#,B"
"('F', 'm-Maj11')","F,G#,C,E,G,A#"
"('F', 'm-Maj13')","F,G#,C,E,G,D"
"('F', 'm-Maj7')","F,G#,C,E"
"('F', 'm-Maj7add11')","F,G#,C,E,A#"
"('F', 'm-Maj7add13')","F,G#,C,E,D"
"('F', 'tri')","F,G#,B,D"
"('F', 'Majb7')","F,A,C,D"
"('F', 'Min#5')","F,G#,C#"
"('F', 'Dom7')","F,A,C,D#"
"('F', 'Dom7b5')","F,A,B,D#"
"('F', 'Dom7#5')","F,A,C#,D#"
"('F', 'Dim7')","F,G#,B,D"
"('F', 'm#5')","F,G#,C#"
"('F', 'm#7#5')","F,G#,C#,E"
"('F', 'm7#5')","F,G#,C#,E"
"('F', 'Aug-06')","F,A,C#,D"
"('F#', 'Major')","F#,A#,C#"
"('F#', 'Minor')","F#,A,C#"
"('F#', 'Aug')","F#,A#,D"
"('F#', 'Dim')","F#,A,C"
"('F#', 'Fifth')","F#,C#"
"('F#', 'Fifth_9th')","F#,C#,G#"
"('F#', 'Fifth_Octave')","F#,C#,F#"
"('F#', 'Octave')","F#,F#"
"('F#', 'Sus2')","F#,G#,C#"
"('F#', 'Sus4')","F#,B,C#"
"('F#', '11')","F#,A#,C#,E,G#,B"
"('F#', '11b9')","F#,A#,C#,E,G,B"
"('F#', '13')","F#,A#,C#,E,G#,D#"
"('F#', '13#9')","F#,A#,C#,E,A,D#"
"('F#', '13b5b9')","F#,A#,C,E,G,D#"
"('F#', '13b9')","F#,A#,C#,E,G"
"('F#', '6')","F#,A#,C#,D#"
"('F#', '6add9')","F#,A#,C#,D#,G#"
"('F#', '6sus4')","F#,B,C#,D#"
"('F#', '7')","F#,A#,C#,E"
"('F#', '7#11')","F#,A#,C#,E,C"
"('F#', '7#5')","F#,A#,D,E"
"('F#', '7#5#9')","F#,A#,C#,E,A"
"('F#', '7#5b9')","F#,A#,C#,E,G"
"('F#', '7#9')","F#,A#,C#,E,A"
"('F#', '7add11')","F#,A#,C#,E,B"
"('F#', '7add13')","F#,A#,C#,E,D#"
"('F#', '7b5')","F#,A#,C,E"
"('F#', '7b5b9')","F#,A#,C,E,G"
"('F#', '7b9')","F#,A#,C#,E,G"
"('F#', '7sus4')","F#,B,C#,E"
"('F#', '9')","F#,A#,C#,E,G#"
"('F#', '9#11')","F#,A#,C#,E,G#,C"
"('F#', '9#5')","F#,A#,D,E,G#"
"('F#', '9b13')","F#,A#,C#,E,G#,D#"
"('F#', '9b5')","F#,A#,C,E,G#"
"('F#', '9sus4')","F#,B,C#,E,G#"
"('F#', 'add9')","F#,A#,C#,G#"
"('F#', 'augsus4')","F#,B,D"
"('F#', 'm11')","F#,A,C#,E,G#,B"
"('F#', 'm13')","F#,A,C#,E,G#,D#"
"('F#', 'm6')","F#,A,C#,D#"
"('F#', 'm6add9')","F#,A,C#,D#,G#"
"('F#', 'm7')","F#,A,C#,E"
"('F#', 'm7add11')","F#,A,C#,E,B"
"('F#', 'm7add13')","F#,A,C#,E,D#"
"('F#', 'm7b5')","F#,A,C,E"
"('F#', 'm7b9')","F#,A,C#,E,G"
"('F#', 'm9')","F#,A,C#,E,G#"
"('F#', 'm9b5')","F#,A,C,E,G#"
"('F#', 'm9-Maj7')","F#,A,C#,F,G#"
"('F#', 'madd9')","F#,A,C#,G#"
"('F#', 'Maj11')","F#,A#,C#,F,G#,B"
"('F#', 'Maj13')","F#,A#,C#,F,G#,D#"
"('F#', 'Maj7')","F#,A#,C#,F"
"('F#', 'Maj7#11')","F#,A#,C#,F,C"
"('F#', 'Maj7#5')","F#,A#,D,F"
"('F#', 'Maj7add13')","F#,A#,C#,F,D#"
"('F#', 'Maj7b5')","F#,A#,C,E"
"('F#', 'Maj9')","F#,A#,C#,F,G#"
"('F#', 'Maj9#11')","F#,A#,C#,F,G#,C"
"('F#', 'Maj9#5')","F#,A#,D,F,G#"
"('F#', 'Maj9sus4')","F#,B,C#,F,G#"
"('F#', 'Majb5')","F#,A#,C"
"('F#', 'mb5')","F#,A,C"
"('F#', 'm-Maj11')","F#,A,C#,F,G#,B"
"('F#', 'm-Maj13')","F#,A,C#,F,G#,D#"
"('F#', 'm-Maj7')","F#,A,C#,F"
"('F#', 'm-Maj7add11')","F#,A,C#,F,B"
"('F#', 'm-Maj7add13')","F#,A,C#,F,D#"
"('F#', 'tri')","F#,A,C,D#"
"('F#', 'Majb7')","F#,A#,C#,D#"
"('F#', 'Min#5')","F#,A,D"
"('F#', 'Dom7')","F#,A#,C#,E"
"('F#', 'Dom7b5')","F#,A#,C,E"
"('F#', 'Dom7#5')","F#,A#,D,E"
"('F#', 'Dim7')","F#,A,C,D#"
"('F#', 'm#5')","F#,A,D"
"('F#', 'm#7#5')","F#,A,D,F"
"('F#', 'm7#5')","F#,A,D,F"
"('F#', 'Aug-06')","F#,A#,D,D#"
"('G', 'Major')","G,B,D"
"('G', 'Minor')","G,A#,D"
"('G', 'Aug')","G,B,D#"
"('G', 'Dim')","G,A#,C#"
"('G', 'Fifth')","G,D"
"('G', 'Fifth_9th')","G,D,A"
"('G', 'Fifth_Octave')","G,D,G"
"('G', 'Octave')","G,G"
"('G', 'Sus2')","G,A,D"
"('G', 'Sus4')","G,C,D"
"('G', '11')","G,B,D,F,A,C"
"('G', '11b9')","G,B,D,F,G#,C"
"('G', '13')","G,B,D,F,A,E"
"('G', '13#9')","G,B,D,F,A#,E"
"('G', '13b5b9')","G,B,C#,F,G#,E"
"('G', '13b9')","G,B,D,F,G#"
"('G', '6')","G,B,D,E"
"('G', '6add9')","G,B,D,E,A"
"('G', '6sus4')","G,C,D,E"
"('G', '7')","G,B,D,F"
"('G', '7#11')","G,B,D,F,C#"
"('G', '7#5')","G,B,D#,F"
"('G', '7#5#9')","G,B,D,F,A#"
"('G', '7#5b9')","G,B,D,F,G#"
"('G', '7#9')","G,B,D,F,A#"
"('G', '7add11')","G,B,D,F,C"
"('G', '7add13')","G,B,D,F,E"
"('G', '7b5')","G,B,C#,F"
"('G', '7b5b9')","G,B,C#,F,G#"
"('G', '7b9')","G,B,D,F,G#"
"('G', '7sus4')","G,C,D,F"
"('G', '9')","G,B,D,F,A"
"('G', '9#11')","G,B,D,F,A,C#"
"('G', '9#5')","G,B,D#,F,A"
"('G', '9b13')","G,B,D,F,A,E"
"('G', '9b5')","G,B,C#,F,A"
"('G', '9sus4')","G,C,D,F,A"
"('G', 'add9')","G,B,D,A"
"('G', 'augsus4')","G,C,D#"
"('G', 'm11')","G,A#,D,F,A,C"
"('G', 'm13')","G,A#,D,F,A,E"
"('G', 'm6')","G,A#,D,E"
"('G', 'm6add9')","G,A#,D,E,A"
"('G', 'm7')","G,A#,D,F"
"('G', 'm7add11')","G,A#,D,F,C"
"('G', 'm7add13')","G,A#,D,F,E"
"('G', 'm7b5')","G,A#,C#,F"
"('G', 'm7b9')","G,A#,D,F,G#"
"('G', 'm9')","G,A#,D,F,A"
"('G', 'm9b5')","G,A#,C#,F,A"
"('G', 'm9-Maj7')","G,A#,D,F#,A"
"('G', 'madd9')","G,A#,D,A"
"('G', 'Maj11')","G,B,D,F#,A,C"
"('G', 'Maj13')","G,B,D,F#,A,E"
"('G', 'Maj7')","G,B,D,F#"
"('G', 'Maj7#11')","G,B,D,F#,C#"
"('G', 'Maj7#5')","G,B,D#,F#"
"('G', 'Maj7add13')","G,B,D,F#,E"
"('G', 'Maj7b5')","G,B,C#,F"
"('G', 'Maj9')","G,B,D,F#,A"
"('G', 'Maj9#11')","G,B,D,F#,A,C#"
"('G', 'Maj9#5')","G,B,D#,F#,A"
"('G', 'Maj9sus4')","G,C,D,F#,A"
"('G', 'Majb5')","G,B,C#"
"('G', 'mb5')","G,A#,C#"
"('G', 'm-Maj11')","G,A#,D,F#,A,C"
"('G', 'm-Maj13')","G,A#,D,F#,A,E"
"('G', 'm-Maj7')","G,A#,D,F#"
"('G', 'm-Maj7add11')","G,A#,D,F#,C"
"('G', 'm-Maj7add13')","G,A#,D,F#,E"
"('G', 'tri')","G,A#,C#,E"
"('G', 'Majb7')","G,B,D,E"
"('G', 'Min#5')","G,A#,D#"
"('G', 'Dom7')","G,B,D,F"
"('G', 'Dom7b5')","G,B,C#,F"
"('G', 'Dom7#5')","G,B,D#,F"
"('G', 'Dim7')","G,A#,C#,E"
"('G', 'm#5')","G,A#,D#"
"('G', 'm#7#5')","G,A#,D#,F#"
"('G', 'm7#5')","G,A#,D#,F#"
"('G', 'Aug-06')","G,B,D#,E"
"('G#', 'Major')","G#,C,D#"
"('G#', 'Minor')","G#,B,D#"
"('G#', 'Aug')","G#,C,E"
"('G#', 'Dim')","G#,B,D"
"('G#', 'Fifth')","G#,D#"
"('G#', 'Fifth_9th')","G#,D#,A#"
"('G#', 'Fifth_Octave')","G#,D#,G#"
"('G#', 'Octave')","G#,G#"
"('G#', 'Sus2')","G#,A#,D#"
"('G#', 'Sus4')","G#,C#,D#"
"('G#', '11')","G#,C,D#,F#,A#,C#"
"('G#', '11b9')","G#,C,D#,F#,A,C#"
"('G#', '13')","G#,C,D#,F#,A#,F"
"('G#', '13#9')","G#,C,D#,F#,B,F"
"('G#', '13b5b9')","G#,C,D,F#,A,F"
"('G#', '13b9')","G#,C,D#,F#,A"
"('G#', '6')","G#,C,D#,F"
"('G#', '6add9')","G#,C,D#,F,A#"
"('G#', '6sus4')","G#,C#,D#,F"
"('G#', '7')","G#,C,D#,F#"
"('G#', '7#11')","G#,C,D#,F#,D"
"('G#', '7#5')","G#,C,E,F#"
"('G#', '7#5#9')","G#,C,D#,F#,B"
"('G#', '7#5b9')","G#,C,D#,F#,A"
"('G#', '7#9')","G#,C,D#,F#,B"
"('G#', '7add11')","G#,C,D#,F#,C#"
"('G#', '7add13')","G#,C,D#,F#,F"
"('G#', '7b5')","G#,C,D,F#"
"('G#', '7b5b9')","G#,C,D,F#,A"
"('G#', '7b9')","G#,C,D#,F#,A"
"('G#', '7sus4')","G#,C#,D#,F#"
"('G#', '9')","G#,C,D#,F#,A#"
"('G#', '9#11')","G#,C,D#,F#,A#,D"
"('G#', '9#5')","G#,C,E,F#,A#"
"('G#', '9b13')","G#,C,D#,F#,A#,F"
"('G#', '9b5')","G#,C,D,F#,A#"
"('G#', '9sus4')","G#,C#,D#,F#,A#"
"('G#', 'add9')","G#,C,D#,A#"
"('G#', 'augsus4')","G#,C#,E"
"('G#', 'm11')","G#,B,D#,F#,A#,C#"
"('G#', 'm13')","G#,B,D#,F#,A#,F"
"('G#', 'm6')","G#,B,D#,F"
"('G#', 'm6add9')","G#,B,D#,F,A#"
"('G#', 'm7')","G#,B,D#,F#"
"('G#', 'm7add11')","G#,B,D#,F#,C#"
"('G#', 'm7add13')","G#,B,D#,F#,F"
"('G#', 'm7b5')","G#,B,D,F#"
"('G#', 'm7b9')","G#,B,D#,F#,A"
"('G#', 'm9')","G#,B,D#,F#,A#"
"('G#', 'm9b5')","G#,B,D,F#,A#"
"('G#', 'm9-Maj7')","G#,B,D#,G,A#"
"('G#', 'madd9')","G#,B,D#,A#"
"('G#', 'Maj11')","G#,C,D#,G,A#,C#"
"('G#', 'Maj13')","G#,C,D#,G,A#,F"
"('G#', 'Maj7')","G#,C,D#,G"
"('G#', 'Maj7#11')","G#,C,D#,G,D"
"('G#', 'Maj7#5')","G#,C,E,G"
"('G#', 'Maj7add13')","G#,C,D#,G,F"
"('G#', 'Maj7b5')","G#,C,D,F#"
"('G#', 'Maj9')","G#,C,D#,G,A#"
"('G#', 'Maj9#11')","G#,C,D#,G,A#,D"
"('G#', 'Maj9#5')","G#,C,E,G,A#"
"('G#', 'Maj9sus4')","G#,C#,D#,G,A#"
"('G#', 'Majb5')","G#,C,D"
"('G#', 'mb5')","G#,B,D"
"('G#', 'm-Maj11')","G#,B,D#,G,A#,C#"
"('G#', 'm-Maj13')","G#,B,D#,G,A#,F"
"('G#', 'm-Maj7')","G#,B,D#,G"
"('G#', 'm-Maj7add11')","G#,B,D#,G,C#"
"('G#', 'm-Maj7add13')","G#,B,D#,G,F"
"('G#', 'tri')","G#,B,D,F"
"('G#', 'Majb7')","G#,C,D#,F"
"('G#', 'Min#5')","G#,B,E"
"('G#', 'Dom7')","G#,C,D#,F#"
"('G#', 'Dom7b5')","G#,C,D,F#"
"('G#', 'Dom7#5')","G#,C,E,F#"
"('G#', 'Dim7')","G#,B,D,F"
"('G#', 'm#5')","G#,B,E"
"('G#', 'm#7#5')","G#,B,E,G"
"('G#', 'm7#5')","G#,B,E,G"
"('G#', 'Aug-06')","G#,C,E,F"
